{
  "test_run_information": {
    "test_run_id": "4f85e38cef69cce52afe661bbeebc14ba34598a34d20ce9d513991674192a4ea",
    "start_time": "2025-10-06 15:22:58 UTC",
    "end_time": "2025-10-06 15:25:59 UTC",
    "baseline": "ed4daad1839aa6f6ce31cf06d14d73581278d5e1399cbe555839d285072e5d77",
    "environment": "825c86d59f863333251e0b2b4d0d406637d5da4f7439c222d7f90b1bbdbb7c5f"
  },
  "participant_verifications": {
    "uss1": {
      "status": "Fail",
      "system_version": null
    },
    "uss2": {
      "status": "Fail",
      "system_version": null
    }
  },
  "artifact_configuration": "U-Space Network Identification Service"
}